{
    "creation_timestamp": 1593703385,
    "right_fit": [
        -0.0005612017743254441,
        0.8818222584730129,
        673.2474661581961
    ]
}